{
  "swagger" : "2.0",
  "info" : {
    "title" : "REST_SWAGGER",
    "version" : "1.0.0",
    "description" : "REST_SWAGGER"
  },
  "paths" : {
    "/path1" : {
      "get" : {
        "operationId" : "getPath1",
        "responses" : {
          "200" : {
            "description" : "The operation was successful.",
            "schema" : {
              "type" : "string"
            }
          }
        },
        "produces" : [ "application/json" ],
        "description" : "Retrieve path1"
      }
    }
  },
  "basePath" : "/rest_swagger/v1"
}